🍇 grapes <small>(fruit, grape, grapes)</small>
🍈 melon <small>(fruit, melon)</small>
🍉 watermelon <small>(fruit, watermelon)</small>
🍊 tangerine <small>(fruit, orange, tangerine)</small>
🍋 lemon <small>(citrus, fruit, lemon)</small>
🍋‍🟩 lime
🍌 banana <small>(banana, fruit)</small>
🍍 pineapple <small>(fruit, pineapple)</small>
🥭 mango <small>(fruit, mango, tropical)</small>
🍎 red apple <small>(apple, fruit, red)</small>
🍏 green apple <small>(apple, fruit, green)</small>
🍐 pear <small>(fruit, pear)</small>
🍑 peach <small>(fruit, peach)</small>
🍒 cherries <small>(berries, cherries, cherry, fruit, red)</small>
🍓 strawberry <small>(berry, fruit, strawberry)</small>
🫐 blueberries <small>(berry, bilberry, blue, blueberries, blueberry)</small>
🥝 kiwi fruit <small>(food, fruit, kiwi)</small>
🍅 tomato <small>(fruit, tomato, vegetable)</small>
🫒 olive <small>(food, olive)</small>
🥥 coconut <small>(coconut, palm, piña colada)</small>
🥑 avocado <small>(avocado, food, fruit)</small>
🍆 eggplant <small>(aubergine, eggplant, vegetable)</small>
🥔 potato <small>(food, potato, vegetable)</small>
🥕 carrot <small>(carrot, food, vegetable)</small>
🌽 ear of corn <small>(corn, ear, ear of corn, maize, maze)</small>
🌶️ hot pepper <small>(hot, pepper)</small>
🫑 bell pepper <small>(bell pepper, capsicum, pepper, vegetable)</small>
🥒 cucumber <small>(cucumber, food, pickle, vegetable)</small>
🫝 pickle
🥬 leafy green <small>(bok choy, cabbage, kale, leafy green, lettuce)</small>
🥦 broccoli <small>(broccoli, wild cabbage)</small>
🧄 garlic <small>(flavoring, garlic)</small>
🧅 onion <small>(flavoring, onion)</small>
🥜 peanuts <small>(food, nut, peanut, peanuts, vegetable)</small>
🫘 beans
🌰 chestnut <small>(chestnut, plant)</small>
🫚 ginger root
🫛 pea pod
🍄‍🟫 brown mushroom
🫜 root vegetable
🍞 bread <small>(bread, loaf)</small>
🥐 croissant <small>(bread, breakfast, croissant, food, french, roll)</small>
🥖 baguette bread <small>(baguette, bread, food, french)</small>
🫓 flatbread <small>(arepa, flatbread, lavash, naan, pita)</small>
🥨 pretzel <small>(pretzel, twisted)</small>
🥯 bagel <small>(bagel, bakery, breakfast, schmear)</small>
🥞 pancakes <small>(breakfast, crêpe, food, hotcake, pancake, pancakes)</small>
🧇 waffle <small>(breakfast, indecisive, iron, waffle)</small>
🧀 cheese wedge <small>(cheese, cheese wedge)</small>
🍖 meat on bone <small>(bone, meat, meat on bone)</small>
🍗 poultry leg <small>(bone, chicken, drumstick, leg, poultry)</small>
🥩 cut of meat <small>(chop, cut of meat, lambchop, porkchop, steak)</small>
🥓 bacon <small>(bacon, breakfast, food, meat)</small>
🍔 hamburger <small>(burger, hamburger)</small>
🍟 french fries <small>(french, fries)</small>
🍕 pizza <small>(cheese, pizza, slice)</small>
🌭 hot dog <small>(frankfurter, hot dog, hotdog, sausage)</small>
🥪 sandwich <small>(bread, sandwich)</small>
🌮 taco <small>(mexican, taco)</small>
🌯 burrito <small>(burrito, mexican, wrap)</small>
🫔 tamale <small>(mexican, tamale, wrapped)</small>
🥙 stuffed flatbread <small>(falafel, flatbread, food, gyro, kebab, stuffed)</small>
🧆 falafel <small>(chickpea, falafel, meatball)</small>
🥚 egg <small>(breakfast, egg, food)</small>
🍳 cooking <small>(breakfast, cooking, egg, frying, pan)</small>
🥘 shallow pan of food <small>(casserole, food, paella, pan, shallow, shallow pan of food)</small>
🍲 pot of food <small>(pot, pot of food, stew)</small>
🫕 fondue <small>(cheese, chocolate, fondue, melted, pot, Swiss)</small>
🥣 bowl with spoon <small>(bowl with spoon, breakfast, cereal, congee)</small>
🥗 green salad <small>(food, green, salad)</small>
🍿 popcorn <small>(popcorn)</small>
🧈 butter <small>(butter, dairy)</small>
🧂 salt <small>(condiment, salt, shaker)</small>
🥫 canned food <small>(can, canned food)</small>
🍱 bento box <small>(bento, box)</small>
🍘 rice cracker <small>(cracker, rice)</small>
🍙 rice ball <small>(ball, Japanese, rice)</small>
🍚 cooked rice <small>(cooked, rice)</small>
🍛 curry rice <small>(curry, rice)</small>
🍜 steaming bowl <small>(bowl, noodle, ramen, steaming)</small>
🍝 spaghetti <small>(pasta, spaghetti)</small>
🍠 roasted sweet potato <small>(potato, roasted, sweet)</small>
🍢 oden <small>(kebab, oden, seafood, skewer, stick)</small>
🍣 sushi <small>(sushi)</small>
🍤 fried shrimp <small>(fried, prawn, shrimp, tempura)</small>
🍥 fish cake with swirl <small>(cake, fish, fish cake with swirl, pastry, swirl)</small>
🥮 moon cake <small>(autumn, festival, moon cake, yuèbǐng)</small>
🍡 dango <small>(dango, dessert, Japanese, skewer, stick, sweet)</small>
🥟 dumpling <small>(dumpling, empanada, gyōza, jiaozi, pierogi, potsticker)</small>
🥠 fortune cookie <small>(fortune cookie, prophecy)</small>
🥡 takeout box <small>(oyster pail, takeout box)</small>
🍦 soft ice cream <small>(cream, dessert, ice, icecream, soft, sweet)</small>
🍧 shaved ice <small>(dessert, ice, shaved, sweet)</small>
🍨 ice cream <small>(cream, dessert, ice, sweet)</small>
🍩 doughnut <small>(breakfast, dessert, donut, doughnut, sweet)</small>
🍪 cookie <small>(cookie, dessert, sweet)</small>
🎂 birthday cake <small>(birthday, cake, celebration, dessert, pastry, sweet)</small>
🍰 shortcake <small>(cake, dessert, pastry, shortcake, slice, sweet)</small>
🧁 cupcake <small>(bakery, cupcake, sweet)</small>
🥧 pie <small>(filling, pastry, pie)</small>
🍫 chocolate bar <small>(bar, chocolate, dessert, sweet)</small>
🍬 candy <small>(candy, dessert, sweet)</small>
🍭 lollipop <small>(candy, dessert, lollipop, sweet)</small>
🍮 custard <small>(custard, dessert, pudding, sweet)</small>
🍯 honey pot <small>(honey, honeypot, pot, sweet)</small>
🍼 baby bottle <small>(baby, bottle, drink, milk)</small>
🥛 glass of milk <small>(drink, glass, glass of milk, milk)</small>
☕ hot beverage <small>(beverage, coffee, drink, hot, steaming, tea)</small>
🫖 teapot <small>(drink, pot, tea, teapot)</small>
🍵 teacup without handle <small>(beverage, cup, drink, tea, teacup, teacup without handle)</small>
🍶 sake <small>(bar, beverage, bottle, cup, drink, sake)</small>
🍾 bottle with popping cork <small>(bar, bottle, bottle with popping cork, cork, drink, popping)</small>
🍷 wine glass <small>(bar, beverage, drink, glass, wine)</small>
🍸 cocktail glass <small>(bar, cocktail, drink, glass)</small>
🍹 tropical drink <small>(bar, drink, tropical)</small>
🍺 beer mug <small>(bar, beer, drink, mug)</small>
🍻 clinking beer mugs <small>(bar, beer, clink, clinking beer mugs, drink, mug)</small>
🥂 clinking glasses <small>(celebrate, clink, clinking glasses, drink, glass)</small>
🥃 tumbler glass <small>(glass, liquor, shot, tumbler, whisky)</small>
🫗 pouring liquid
🥤 cup with straw <small>(cup with straw, juice, soda)</small>
🧋 bubble tea <small>(bubble, milk, pearl, tea)</small>
🧃 beverage box <small>(beverage, box, juice, straw, sweet)</small>
🧉 mate <small>(drink, mate)</small>
🧊 ice <small>(cold, ice, ice cube, iceberg)</small>
🥢 chopsticks <small>(chopsticks, hashi)</small>
🍽️ fork and knife with plate <small>(cooking, fork, fork and knife with plate, knife, plate)</small>
🍴 fork and knife <small>(cooking, cutlery, fork, fork and knife, knife)</small>
🥄 spoon <small>(spoon, tableware)</small>
🔪 kitchen knife <small>(cooking, hocho, kitchen knife, knife, tool, weapon)</small>
🫙 jar
🏺 amphora <small>(amphora, Aquarius, cooking, drink, jug, zodiac)</small>
