👋 waving hand <small>(hand, wave, waving)</small>
🤚 raised back of hand <small>(backhand, raised, raised back of hand)</small>
🖐️ hand with fingers splayed <small>(finger, hand, hand with fingers splayed, splayed)</small>
✋ raised hand <small>(hand, raised hand)</small>
🖖 vulcan salute <small>(finger, hand, spock, vulcan, vulcan salute)</small>
🫱 rightwards hand
🫲 leftwards hand
🫳 palm down hand
🫴 palm up hand
🫷 leftwards pushing hand
🫸 rightwards pushing hand
👌 OK hand <small>(hand, OK)</small>
🤌 pinched fingers <small>(fingers, hand gesture, interrogation, pinched, sarcastic)</small>
🤏 pinching hand <small>(pinching hand, small amount)</small>
✌️ victory hand <small>(hand, v, victory)</small>
🤞 crossed fingers <small>(cross, crossed fingers, finger, hand, luck)</small>
🫰 hand with index finger and thumb crossed
🤟 love-you gesture <small>(hand, ILY, love-you gesture)</small>
🤘 sign of the horns <small>(finger, hand, horns, rock-on, sign of the horns)</small>
🤙 call me hand <small>(call, call me hand, hand)</small>
👈 backhand index pointing left <small>(backhand, backhand index pointing left, finger, hand, index, point)</small>
👉 backhand index pointing right <small>(backhand, backhand index pointing right, finger, hand, index, point)</small>
👆 backhand index pointing up <small>(backhand, backhand index pointing up, finger, hand, point, up)</small>
🖕 middle finger <small>(finger, hand, middle finger)</small>
👇 backhand index pointing down <small>(backhand, backhand index pointing down, down, finger, hand, point)</small>
☝️ index pointing up <small>(finger, hand, index, index pointing up, point, up)</small>
🫵 index pointing at the viewer
👍 thumbs up <small>(+1, hand, thumb, thumbs up, up)</small>
👎 thumbs down <small>(-1, down, hand, thumb, thumbs down)</small>
🫹 leftwards thumb sign
🫺 rightwards thumb sign
✊ raised fist <small>(clenched, fist, hand, punch, raised fist)</small>
👊 oncoming fist <small>(clenched, fist, hand, oncoming fist, punch)</small>
🤛 left-facing fist <small>(fist, left-facing fist, leftwards)</small>
🤜 right-facing fist <small>(fist, right-facing fist, rightwards)</small>
👏 clapping hands <small>(clap, clapping hands, hand)</small>
🙌 raising hands <small>(celebration, gesture, hand, hooray, raised, raising hands)</small>
🫶 heart hands
👐 open hands <small>(hand, open, open hands)</small>
🤲 palms up together <small>(palms up together, prayer)</small>
🤝 handshake <small>(agreement, hand, handshake, meeting, shake)</small>
🙏 folded hands <small>(ask, folded hands, hand, please, pray, thanks)</small>
✍️ writing hand <small>(hand, write, writing hand)</small>
💅 nail polish <small>(care, cosmetics, manicure, nail, polish)</small>
🤳 selfie <small>(camera, phone, selfie)</small>
💪 flexed biceps <small>(biceps, comic, flex, flexed biceps, muscle)</small>
🦾 mechanical arm <small>(accessibility, mechanical arm, prosthetic)</small>
🦿 mechanical leg <small>(accessibility, mechanical leg, prosthetic)</small>
🦵 leg <small>(kick, leg, limb)</small>
🦶 foot <small>(foot, kick, stomp)</small>
👂 ear <small>(body, ear)</small>
🦻 ear with hearing aid <small>(accessibility, ear with hearing aid, hard of hearing)</small>
👃 nose <small>(body, nose)</small>
🧠 brain <small>(brain, intelligent)</small>
🫀 anatomical heart <small>(anatomical, cardiology, heart, organ, pulse)</small>
🫁 lungs <small>(breath, exhalation, inhalation, lungs, organ, respiration)</small>
🦷 tooth <small>(dentist, tooth)</small>
🦴 bone <small>(bone, skeleton)</small>
👀 eyes <small>(eye, eyes, face)</small>
👁️ eye <small>(body, eye)</small>
👅 tongue <small>(body, tongue)</small>
👄 mouth <small>(lips, mouth)</small>
🫦 biting lip
👶 baby <small>(baby, young)</small>
🧒 child <small>(child, gender-neutral, unspecified gender, young)</small>
👦 boy <small>(boy, young)</small>
👧 girl <small>(girl, Virgo, young, zodiac)</small>
🧑 person <small>(adult, gender-neutral, person, unspecified gender)</small>
👱 person: blond hair <small>(blond, blond-haired person, hair, person: blond hair)</small>
👨 man <small>(adult, man)</small>
🧔 person: beard <small>(beard, man, man: beard, person)</small>
🧔‍♂️ man: beard
🧔‍♀️ woman: beard
👨‍🦰 man: red hair
👨‍🦱 man: curly hair
👨‍🦳 man: white hair
👨‍🦲 man: bald
👩 woman <small>(adult, woman)</small>
👩‍🦰 woman: red hair
🧑‍🦰 person: red hair
👩‍🦱 woman: curly hair
🧑‍🦱 person: curly hair
👩‍🦳 woman: white hair
🧑‍🦳 person: white hair
👩‍🦲 woman: bald
🧑‍🦲 person: bald
👱‍♀️ woman: blond hair
👱‍♂️ man: blond hair
🧓 older person <small>(adult, gender-neutral, old, older person, unspecified gender)</small>
👴 old man <small>(adult, man, old)</small>
👵 old woman <small>(adult, old, woman)</small>
🙍 person frowning <small>(frown, gesture, person frowning)</small>
🙍‍♂️ man frowning
🙍‍♀️ woman frowning
🙎 person pouting <small>(gesture, person pouting, pouting)</small>
🙎‍♂️ man pouting
🙎‍♀️ woman pouting
🙅 person gesturing NO <small>(forbidden, gesture, hand, person gesturing NO, prohibited)</small>
🙅‍♂️ man gesturing NO
🙅‍♀️ woman gesturing NO
🙆 person gesturing OK <small>(gesture, hand, OK, person gesturing OK)</small>
🙆‍♂️ man gesturing OK
🙆‍♀️ woman gesturing OK
💁 person tipping hand <small>(hand, help, information, person tipping hand, sassy, tipping)</small>
💁‍♂️ man tipping hand
💁‍♀️ woman tipping hand
🙋 person raising hand <small>(gesture, hand, happy, person raising hand, raised)</small>
🙋‍♂️ man raising hand
🙋‍♀️ woman raising hand
🧏 deaf person <small>(accessibility, deaf, deaf person, ear, hear)</small>
🧏‍♂️ deaf man
🧏‍♀️ deaf woman
🙇 person bowing <small>(apology, bow, gesture, person bowing, sorry)</small>
🙇‍♂️ man bowing
🙇‍♀️ woman bowing
🤦 person facepalming <small>(disbelief, exasperation, face, palm, person facepalming)</small>
🤦‍♂️ man facepalming
🤦‍♀️ woman facepalming
🤷 person shrugging <small>(doubt, ignorance, indifference, person shrugging, shrug)</small>
🤷‍♂️ man shrugging
🤷‍♀️ woman shrugging
🧑‍⚕️ health worker
👨‍⚕️ man health worker
👩‍⚕️ woman health worker
🧑‍🎓 student <small>(graduate, student)</small>
👨‍🎓 man student <small>(graduate, man, student)</small>
👩‍🎓 woman student <small>(graduate, student, woman)</small>
🧑‍🏫 teacher <small>(instructor, professor, teacher)</small>
👨‍🏫 man teacher <small>(instructor, man, professor, teacher)</small>
👩‍🏫 woman teacher <small>(instructor, professor, teacher, woman)</small>
🧑‍⚖️ judge
👨‍⚖️ man judge
👩‍⚖️ woman judge
🧑‍🌾 farmer <small>(farmer, gardener, rancher)</small>
👨‍🌾 man farmer <small>(farmer, gardener, man, rancher)</small>
👩‍🌾 woman farmer <small>(farmer, gardener, rancher, woman)</small>
🧑‍🍳 cook <small>(chef, cook)</small>
👨‍🍳 man cook <small>(chef, cook, man)</small>
👩‍🍳 woman cook <small>(chef, cook, woman)</small>
🧑‍🔧 mechanic <small>(electrician, mechanic, plumber, tradesperson)</small>
👨‍🔧 man mechanic <small>(electrician, man, mechanic, plumber, tradesperson)</small>
👩‍🔧 woman mechanic <small>(electrician, mechanic, plumber, tradesperson, woman)</small>
🧑‍🏭 factory worker <small>(assembly, factory, industrial, worker)</small>
👨‍🏭 man factory worker <small>(assembly, factory, industrial, man, worker)</small>
👩‍🏭 woman factory worker <small>(assembly, factory, industrial, woman, worker)</small>
🧑‍💼 office worker <small>(architect, business, manager, office worker, white-collar)</small>
👨‍💼 man office worker <small>(architect, business, man, man office worker, manager, white-collar)</small>
👩‍💼 woman office worker <small>(architect, business, manager, white-collar, woman, woman office worker)</small>
🧑‍🔬 scientist <small>(biologist, chemist, engineer, physicist, scientist)</small>
👨‍🔬 man scientist <small>(biologist, chemist, engineer, man, physicist, scientist)</small>
👩‍🔬 woman scientist <small>(biologist, chemist, engineer, physicist, scientist, woman)</small>
🧑‍💻 technologist <small>(coder, developer, inventor, software, technologist)</small>
👨‍💻 man technologist <small>(coder, developer, inventor, man, software, technologist)</small>
👩‍💻 woman technologist <small>(coder, developer, inventor, software, technologist, woman)</small>
🧑‍🎤 singer <small>(actor, entertainer, rock, singer, star)</small>
👨‍🎤 man singer <small>(actor, entertainer, man, rock, singer, star)</small>
👩‍🎤 woman singer <small>(actor, entertainer, rock, singer, star, woman)</small>
🧑‍🎨 artist <small>(artist, palette)</small>
👨‍🎨 man artist <small>(artist, man, palette)</small>
👩‍🎨 woman artist <small>(artist, palette, woman)</small>
🧑‍✈️ pilot
👨‍✈️ man pilot
👩‍✈️ woman pilot
🧑‍🚀 astronaut <small>(astronaut, rocket)</small>
👨‍🚀 man astronaut <small>(astronaut, man, rocket)</small>
👩‍🚀 woman astronaut <small>(astronaut, rocket, woman)</small>
🧑‍🚒 firefighter <small>(firefighter, firetruck)</small>
👨‍🚒 man firefighter <small>(firefighter, firetruck, man)</small>
👩‍🚒 woman firefighter <small>(firefighter, firetruck, woman)</small>
👮 police officer <small>(cop, officer, police)</small>
👮‍♂️ man police officer
👮‍♀️ woman police officer
🕵️ detective <small>(detective, sleuth, spy)</small>
🕵️‍♂️ man detective
🕵️‍♀️ woman detective
💂 guard <small>(guard)</small>
💂‍♂️ man guard
💂‍♀️ woman guard
🥷 ninja <small>(fighter, hidden, ninja, stealth)</small>
👷 construction worker <small>(construction, hat, worker)</small>
👷‍♂️ man construction worker
👷‍♀️ woman construction worker
🫅 person with crown
🤴 prince <small>(prince)</small>
👸 princess <small>(fairy tale, fantasy, princess)</small>
👳 person wearing turban <small>(person wearing turban, turban)</small>
👳‍♂️ man wearing turban
👳‍♀️ woman wearing turban
👲 person with skullcap <small>(cap, gua pi mao, hat, person, person with skullcap, skullcap)</small>
🧕 woman with headscarf <small>(headscarf, hijab, mantilla, tichel, woman with headscarf)</small>
🤵 person in tuxedo <small>(groom, person, person in tuxedo, tuxedo)</small>
🤵‍♂️ man in tuxedo
🤵‍♀️ woman in tuxedo
👰 person with veil <small>(bride, person, person with veil, veil, wedding)</small>
👰‍♂️ man with veil
👰‍♀️ woman with veil
🤰 pregnant woman <small>(pregnant, woman)</small>
🫃 pregnant man
🫄 pregnant person
🤱 breast-feeding <small>(baby, breast, breast-feeding, nursing)</small>
👩‍🍼 woman feeding baby <small>(baby, feeding, nursing, woman)</small>
👨‍🍼 man feeding baby <small>(baby, feeding, man, nursing)</small>
🧑‍🍼 person feeding baby <small>(baby, feeding, nursing, person)</small>
👼 baby angel <small>(angel, baby, face, fairy tale, fantasy)</small>
🎅 Santa Claus <small>(celebration, Christmas, claus, father, santa, Santa Claus)</small>
🤶 Mrs. Claus <small>(celebration, Christmas, claus, mother, Mrs., Mrs. Claus)</small>
🧑‍🎄 Mx Claus <small>(Claus, christmas, mx claus)</small>
🦸 superhero <small>(good, hero, heroine, superhero, superpower)</small>
🦸‍♂️ man superhero
🦸‍♀️ woman superhero
🦹 supervillain <small>(criminal, evil, superpower, supervillain, villain)</small>
🦹‍♂️ man supervillain
🦹‍♀️ woman supervillain
🧙 mage <small>(mage, sorcerer, sorceress, witch, wizard)</small>
🧙‍♂️ man mage
🧙‍♀️ woman mage
🧚 fairy <small>(fairy, Oberon, Puck, Titania)</small>
🧚‍♂️ man fairy
🧚‍♀️ woman fairy
🧛 vampire <small>(Dracula, undead, vampire)</small>
🧛‍♂️ man vampire
🧛‍♀️ woman vampire
🧜 merperson <small>(mermaid, merman, merperson, merwoman)</small>
🧜‍♂️ merman
🧜‍♀️ mermaid
🧝 elf <small>(elf, magical)</small>
🧝‍♂️ man elf
🧝‍♀️ woman elf
🧞 genie <small>(djinn, genie)</small>
🧞‍♂️ man genie
🧞‍♀️ woman genie
🧟 zombie <small>(undead, walking dead, zombie)</small>
🧟‍♂️ man zombie
🧟‍♀️ woman zombie
🧌 troll
🫈 hairy creature
💆 person getting massage <small>(face, massage, person getting massage, salon)</small>
💆‍♂️ man getting massage
💆‍♀️ woman getting massage
💇 person getting haircut <small>(barber, beauty, haircut, parlor, person getting haircut)</small>
💇‍♂️ man getting haircut
💇‍♀️ woman getting haircut
🚶 person walking <small>(hike, person walking, walk, walking)</small>
🚶‍♂️ man walking
🚶‍♀️ woman walking
🚶‍➡️ person walking: facing right
🚶‍♀️‍➡️ woman walking: facing right
🚶‍♂️‍➡️ man walking: facing right
🧍 person standing <small>(person standing, stand, standing)</small>
🧍‍♂️ man standing
🧍‍♀️ woman standing
🧎 person kneeling <small>(kneel, kneeling, person kneeling)</small>
🧎‍♂️ man kneeling
🧎‍♀️ woman kneeling
🧎‍➡️ person kneeling: facing right
🧎‍♀️‍➡️ woman kneeling: facing right
🧎‍♂️‍➡️ man kneeling: facing right
🧑‍🦯 person with white cane <small>(accessibility, blind, person with white cane)</small>
🧑‍🦯‍➡️ person with white cane: facing right
👨‍🦯 man with white cane <small>(accessibility, blind, man, man with white cane)</small>
👨‍🦯‍➡️ man with white cane: facing right
👩‍🦯 woman with white cane <small>(accessibility, blind, woman, woman with white cane)</small>
👩‍🦯‍➡️ woman with white cane: facing right
🧑‍🦼 person in motorized wheelchair <small>(accessibility, person in motorized wheelchair, wheelchair)</small>
🧑‍🦼‍➡️ person in motorized wheelchair: facing right
👨‍🦼 man in motorized wheelchair <small>(accessibility, man, man in motorized wheelchair, wheelchair)</small>
👨‍🦼‍➡️ man in motorized wheelchair: facing right
👩‍🦼 woman in motorized wheelchair <small>(accessibility, wheelchair, woman, woman in motorized wheelchair)</small>
👩‍🦼‍➡️ woman in motorized wheelchair: facing right
🧑‍🦽 person in manual wheelchair <small>(accessibility, person in manual wheelchair, wheelchair)</small>
🧑‍🦽‍➡️ person in manual wheelchair: facing right
👨‍🦽 man in manual wheelchair <small>(accessibility, man, man in manual wheelchair, wheelchair)</small>
👨‍🦽‍➡️ man in manual wheelchair: facing right
👩‍🦽 woman in manual wheelchair <small>(accessibility, wheelchair, woman, woman in manual wheelchair)</small>
👩‍🦽‍➡️ woman in manual wheelchair: facing right
🏃 person running <small>(marathon, person running, running)</small>
🏃‍♂️ man running
🏃‍♀️ woman running
🏃‍➡️ person running: facing right
🏃‍♀️‍➡️ woman running: facing right
🏃‍♂️‍➡️ man running: facing right
🧑‍🩰 ballet dancer
💃 woman dancing <small>(dancing, woman)</small>
🕺 man dancing <small>(dance, man, man dancing)</small>
🕴️ person in suit levitating <small>(business, person, person in suit levitating, suit)</small>
👯 people with bunny ears <small>(bunny ear, dancer, partying, people with bunny ears)</small>
👯‍♂️ men with bunny ears
👯‍♀️ women with bunny ears
🧖 person in steamy room <small>(person in steamy room, sauna, steam room)</small>
🧖‍♂️ man in steamy room
🧖‍♀️ woman in steamy room
🧗 person climbing <small>(climber, person climbing)</small>
🧗‍♂️ man climbing
🧗‍♀️ woman climbing
🤺 person fencing <small>(fencer, fencing, person fencing, sword)</small>
🏇 horse racing <small>(horse, jockey, racehorse, racing)</small>
⛷️ skier <small>(ski, skier, snow)</small>
🏂 snowboarder <small>(ski, snow, snowboard, snowboarder)</small>
🏌️ person golfing <small>(ball, golf, person golfing)</small>
🏌️‍♂️ man golfing
🏌️‍♀️ woman golfing
🏄 person surfing <small>(person surfing, surfing)</small>
🏄‍♂️ man surfing
🏄‍♀️ woman surfing
🚣 person rowing boat <small>(boat, person rowing boat, rowboat)</small>
🚣‍♂️ man rowing boat
🚣‍♀️ woman rowing boat
🏊 person swimming <small>(person swimming, swim)</small>
🏊‍♂️ man swimming
🏊‍♀️ woman swimming
⛹️ person bouncing ball <small>(ball, person bouncing ball)</small>
⛹️‍♂️ man bouncing ball
⛹️‍♀️ woman bouncing ball
🏋️ person lifting weights <small>(lifter, person lifting weights, weight)</small>
🏋️‍♂️ man lifting weights
🏋️‍♀️ woman lifting weights
🚴 person biking <small>(bicycle, biking, cyclist, person biking)</small>
🚴‍♂️ man biking
🚴‍♀️ woman biking
🚵 person mountain biking <small>(bicycle, bicyclist, bike, cyclist, mountain, person mountain biking)</small>
🚵‍♂️ man mountain biking
🚵‍♀️ woman mountain biking
🤸 person cartwheeling <small>(cartwheel, gymnastics, person cartwheeling)</small>
🤸‍♂️ man cartwheeling
🤸‍♀️ woman cartwheeling
🤼 people wrestling <small>(people wrestling, wrestle, wrestler)</small>
🤼‍♂️ men wrestling
🤼‍♀️ women wrestling
🤽 person playing water polo <small>(person playing water polo, polo, water)</small>
🤽‍♂️ man playing water polo
🤽‍♀️ woman playing water polo
🤾 person playing handball <small>(ball, handball, person playing handball)</small>
🤾‍♂️ man playing handball
🤾‍♀️ woman playing handball
🤹 person juggling <small>(balance, juggle, multitask, person juggling, skill)</small>
🤹‍♂️ man juggling
🤹‍♀️ woman juggling
🧘 person in lotus position <small>(meditation, person in lotus position, yoga)</small>
🧘‍♂️ man in lotus position
🧘‍♀️ woman in lotus position
🛀 person taking bath <small>(bath, bathtub, person taking bath)</small>
🛌 person in bed <small>(hotel, person in bed, sleep)</small>
🧑‍🤝‍🧑 people holding hands <small>(couple, hand, hold, holding hands, people holding hands, person)</small>
👭 women holding hands <small>(couple, hand, holding hands, women, women holding hands)</small>
👫 woman and man holding hands <small>(couple, hand, hold, holding hands, man, woman, woman and man holding hands)</small>
👬 men holding hands <small>(couple, Gemini, holding hands, man, men, men holding hands, twins, zodiac)</small>
💏 kiss <small>(couple, kiss)</small>
👩‍❤️‍💋‍👨 kiss: woman, man
👨‍❤️‍💋‍👨 kiss: man, man
👩‍❤️‍💋‍👩 kiss: woman, woman
💑 couple with heart <small>(couple, couple with heart, love)</small>
👩‍❤️‍👨 couple with heart: woman, man
👨‍❤️‍👨 couple with heart: man, man
👩‍❤️‍👩 couple with heart: woman, woman
👨‍👩‍👦 family: man, woman, boy
👨‍👩‍👧 family: man, woman, girl
👨‍👩‍👧‍👦 family: man, woman, girl, boy
👨‍👩‍👦‍👦 family: man, woman, boy, boy
👨‍👩‍👧‍👧 family: man, woman, girl, girl
👨‍👨‍👦 family: man, man, boy
👨‍👨‍👧 family: man, man, girl
👨‍👨‍👧‍👦 family: man, man, girl, boy
👨‍👨‍👦‍👦 family: man, man, boy, boy
👨‍👨‍👧‍👧 family: man, man, girl, girl
👩‍👩‍👦 family: woman, woman, boy
👩‍👩‍👧 family: woman, woman, girl
👩‍👩‍👧‍👦 family: woman, woman, girl, boy
👩‍👩‍👦‍👦 family: woman, woman, boy, boy
👩‍👩‍👧‍👧 family: woman, woman, girl, girl
👨‍👦 family: man, boy
👨‍👦‍👦 family: man, boy, boy
👨‍👧 family: man, girl
👨‍👧‍👦 family: man, girl, boy
👨‍👧‍👧 family: man, girl, girl
👩‍👦 family: woman, boy
👩‍👦‍👦 family: woman, boy, boy
👩‍👧 family: woman, girl
👩‍👧‍👦 family: woman, girl, boy
👩‍👧‍👧 family: woman, girl, girl
🗣️ speaking head <small>(face, head, silhouette, speak, speaking)</small>
👤 bust in silhouette <small>(bust, bust in silhouette, silhouette)</small>
👥 busts in silhouette <small>(bust, busts in silhouette, silhouette)</small>
🫂 people hugging <small>(goodbye, hello, hug, people hugging, thanks)</small>
👪 family <small>(family)</small>
🧑‍🧑‍🧒 family: adult, adult, child
🧑‍🧑‍🧒‍🧒 family: adult, adult, child, child
🧑‍🧒 family: adult, child
🧑‍🧒‍🧒 family: adult, child, child
👣 footprints <small>(clothing, footprint, footprints, print)</small>
🫆 fingerprint
