🏁 chequered flag <small>(checkered, chequered, chequered flag, racing)</small>
🚩 triangular flag <small>(post, triangular flag)</small>
🎌 crossed flags <small>(celebration, cross, crossed, crossed flags, Japanese)</small>
🏴 black flag <small>(black flag, waving)</small>
🏳️ white flag <small>(waving, white flag)</small>
🏳️‍🌈 rainbow flag
🏳️‍⚧️ transgender flag
🏴‍☠️ pirate flag
🇦🇨 flag: Ascension Island
🇦🇩 flag: Andorra
🇦🇪 flag: United Arab Emirates
🇦🇫 flag: Afghanistan
🇦🇬 flag: Antigua &amp; Barbuda
🇦🇮 flag: Anguilla
🇦🇱 flag: Albania
🇦🇲 flag: Armenia
🇦🇴 flag: Angola
🇦🇶 flag: Antarctica
🇦🇷 flag: Argentina
🇦🇸 flag: American Samoa
🇦🇹 flag: Austria
🇦🇺 flag: Australia
🇦🇼 flag: Aruba
🇦🇽 flag: Åland Islands
🇦🇿 flag: Azerbaijan
🇧🇦 flag: Bosnia &amp; Herzegovina
🇧🇧 flag: Barbados
🇧🇩 flag: Bangladesh
🇧🇪 flag: Belgium
🇧🇫 flag: Burkina Faso
🇧🇬 flag: Bulgaria
🇧🇭 flag: Bahrain
🇧🇮 flag: Burundi
🇧🇯 flag: Benin
🇧🇱 flag: St. Barthélemy
🇧🇲 flag: Bermuda
🇧🇳 flag: Brunei
🇧🇴 flag: Bolivia
🇧🇶 flag: Caribbean Netherlands
🇧🇷 flag: Brazil
🇧🇸 flag: Bahamas
🇧🇹 flag: Bhutan
🇧🇻 flag: Bouvet Island
🇧🇼 flag: Botswana
🇧🇾 flag: Belarus
🇧🇿 flag: Belize
🇨🇦 flag: Canada
🇨🇨 flag: Cocos (Keeling) Islands
🇨🇩 flag: Congo - Kinshasa
🇨🇫 flag: Central African Republic
🇨🇬 flag: Congo - Brazzaville
🇨🇭 flag: Switzerland
🇨🇮 flag: Côte d’Ivoire
🇨🇰 flag: Cook Islands
🇨🇱 flag: Chile
🇨🇲 flag: Cameroon
🇨🇳 flag: China
🇨🇴 flag: Colombia
🇨🇵 flag: Clipperton Island
🇨🇶 flag: Sark
🇨🇷 flag: Costa Rica
🇨🇺 flag: Cuba
🇨🇻 flag: Cape Verde
🇨🇼 flag: Curaçao
🇨🇽 flag: Christmas Island
🇨🇾 flag: Cyprus
🇨🇿 flag: Czechia
🇩🇪 flag: Germany
🇩🇬 flag: Diego Garcia
🇩🇯 flag: Djibouti
🇩🇰 flag: Denmark
🇩🇲 flag: Dominica
🇩🇴 flag: Dominican Republic
🇩🇿 flag: Algeria
🇪🇦 flag: Ceuta &amp; Melilla
🇪🇨 flag: Ecuador
🇪🇪 flag: Estonia
🇪🇬 flag: Egypt
🇪🇭 flag: Western Sahara
🇪🇷 flag: Eritrea
🇪🇸 flag: Spain
🇪🇹 flag: Ethiopia
🇪🇺 flag: European Union
🇫🇮 flag: Finland
🇫🇯 flag: Fiji
🇫🇰 flag: Falkland Islands
🇫🇲 flag: Micronesia
🇫🇴 flag: Faroe Islands
🇫🇷 flag: France
🇬🇦 flag: Gabon
🇬🇧 flag: United Kingdom
🇬🇩 flag: Grenada
🇬🇪 flag: Georgia
🇬🇫 flag: French Guiana
🇬🇬 flag: Guernsey
🇬🇭 flag: Ghana
🇬🇮 flag: Gibraltar
🇬🇱 flag: Greenland
🇬🇲 flag: Gambia
🇬🇳 flag: Guinea
🇬🇵 flag: Guadeloupe
🇬🇶 flag: Equatorial Guinea
🇬🇷 flag: Greece
🇬🇸 flag: South Georgia &amp; South Sandwich Islands
🇬🇹 flag: Guatemala
🇬🇺 flag: Guam
🇬🇼 flag: Guinea-Bissau
🇬🇾 flag: Guyana
🇭🇰 flag: Hong Kong SAR China
🇭🇲 flag: Heard Island &amp; McDonald Islands
🇭🇳 flag: Honduras
🇭🇷 flag: Croatia
🇭🇹 flag: Haiti
🇭🇺 flag: Hungary
🇮🇨 flag: Canary Islands
🇮🇩 flag: Indonesia
🇮🇪 flag: Ireland
🇮🇱 flag: Israel
🇮🇲 flag: Isle of Man
🇮🇳 flag: India
🇮🇴 flag: British Indian Ocean Territory
🇮🇶 flag: Iraq
🇮🇷 flag: Iran
🇮🇸 flag: Iceland
🇮🇹 flag: Italy
🇯🇪 flag: Jersey
🇯🇲 flag: Jamaica
🇯🇴 flag: Jordan
🇯🇵 flag: Japan
🇰🇪 flag: Kenya
🇰🇬 flag: Kyrgyzstan
🇰🇭 flag: Cambodia
🇰🇮 flag: Kiribati
🇰🇲 flag: Comoros
🇰🇳 flag: St. Kitts &amp; Nevis
🇰🇵 flag: North Korea
🇰🇷 flag: South Korea
🇰🇼 flag: Kuwait
🇰🇾 flag: Cayman Islands
🇰🇿 flag: Kazakhstan
🇱🇦 flag: Laos
🇱🇧 flag: Lebanon
🇱🇨 flag: St. Lucia
🇱🇮 flag: Liechtenstein
🇱🇰 flag: Sri Lanka
🇱🇷 flag: Liberia
🇱🇸 flag: Lesotho
🇱🇹 flag: Lithuania
🇱🇺 flag: Luxembourg
🇱🇻 flag: Latvia
🇱🇾 flag: Libya
🇲🇦 flag: Morocco
🇲🇨 flag: Monaco
🇲🇩 flag: Moldova
🇲🇪 flag: Montenegro
🇲🇫 flag: St. Martin
🇲🇬 flag: Madagascar
🇲🇭 flag: Marshall Islands
🇲🇰 flag: North Macedonia
🇲🇱 flag: Mali
🇲🇲 flag: Myanmar (Burma)
🇲🇳 flag: Mongolia
🇲🇴 flag: Macao SAR China
🇲🇵 flag: Northern Mariana Islands
🇲🇶 flag: Martinique
🇲🇷 flag: Mauritania
🇲🇸 flag: Montserrat
🇲🇹 flag: Malta
🇲🇺 flag: Mauritius
🇲🇻 flag: Maldives
🇲🇼 flag: Malawi
🇲🇽 flag: Mexico
🇲🇾 flag: Malaysia
🇲🇿 flag: Mozambique
🇳🇦 flag: Namibia
🇳🇨 flag: New Caledonia
🇳🇪 flag: Niger
🇳🇫 flag: Norfolk Island
🇳🇬 flag: Nigeria
🇳🇮 flag: Nicaragua
🇳🇱 flag: Netherlands
🇳🇴 flag: Norway
🇳🇵 flag: Nepal
🇳🇷 flag: Nauru
🇳🇺 flag: Niue
🇳🇿 flag: New Zealand
🇴🇲 flag: Oman
🇵🇦 flag: Panama
🇵🇪 flag: Peru
🇵🇫 flag: French Polynesia
🇵🇬 flag: Papua New Guinea
🇵🇭 flag: Philippines
🇵🇰 flag: Pakistan
🇵🇱 flag: Poland
🇵🇲 flag: St. Pierre &amp; Miquelon
🇵🇳 flag: Pitcairn Islands
🇵🇷 flag: Puerto Rico
🇵🇸 flag: Palestinian Territories
🇵🇹 flag: Portugal
🇵🇼 flag: Palau
🇵🇾 flag: Paraguay
🇶🇦 flag: Qatar
🇷🇪 flag: Réunion
🇷🇴 flag: Romania
🇷🇸 flag: Serbia
🇷🇺 flag: Russia
🇷🇼 flag: Rwanda
🇸🇦 flag: Saudi Arabia
🇸🇧 flag: Solomon Islands
🇸🇨 flag: Seychelles
🇸🇩 flag: Sudan
🇸🇪 flag: Sweden
🇸🇬 flag: Singapore
🇸🇭 flag: St. Helena, Ascension &amp; Tristan da Cunha
🇸🇮 flag: Slovenia
🇸🇯 flag: Svalbard &amp; Jan Mayen
🇸🇰 flag: Slovakia
🇸🇱 flag: Sierra Leone
🇸🇲 flag: San Marino
🇸🇳 flag: Senegal
🇸🇴 flag: Somalia
🇸🇷 flag: Suriname
🇸🇸 flag: South Sudan
🇸🇹 flag: São Tomé &amp; Príncipe
🇸🇻 flag: El Salvador
🇸🇽 flag: Sint Maarten
🇸🇾 flag: Syria
🇸🇿 flag: Eswatini
🇹🇦 flag: Tristan da Cunha
🇹🇨 flag: Turks &amp; Caicos Islands
🇹🇩 flag: Chad
🇹🇫 flag: French Southern and Antarctic Lands
🇹🇬 flag: Togo
🇹🇭 flag: Thailand
🇹🇯 flag: Tajikistan
🇹🇰 flag: Tokelau
🇹🇱 flag: Timor-Leste
🇹🇲 flag: Turkmenistan
🇹🇳 flag: Tunisia
🇹🇴 flag: Tonga
🇹🇷 flag: Türkiye
🇹🇹 flag: Trinidad &amp; Tobago
🇹🇻 flag: Tuvalu
🇹🇼 flag: Taiwan
🇹🇿 flag: Tanzania
🇺🇦 flag: Ukraine
🇺🇬 flag: Uganda
🇺🇲 flag: U.S. Outlying Islands
🇺🇳 flag: United Nations
🇺🇸 flag: United States
🇺🇾 flag: Uruguay
🇺🇿 flag: Uzbekistan
🇻🇦 flag: Vatican City
🇻🇨 flag: St. Vincent &amp; Grenadines
🇻🇪 flag: Venezuela
🇻🇬 flag: British Virgin Islands
🇻🇮 flag: U.S. Virgin Islands
🇻🇳 flag: Vietnam
🇻🇺 flag: Vanuatu
🇼🇫 flag: Wallis &amp; Futuna
🇼🇸 flag: Samoa
🇽🇰 flag: Kosovo
🇾🇪 flag: Yemen
🇾🇹 flag: Mayotte
🇿🇦 flag: South Africa
🇿🇲 flag: Zambia
🇿🇼 flag: Zimbabwe
🏴󠁧󠁢󠁥󠁮󠁧󠁿 flag: England
🏴󠁧󠁢󠁳󠁣󠁴󠁿 flag: Scotland
🏴󠁧󠁢󠁷󠁬󠁳󠁿 flag: Wales
