😀 grinning face <small>(face, grin, grinning face)</small>
😃 grinning face with big eyes <small>(face, grinning face with big eyes, mouth, open, smile)</small>
😄 grinning face with smiling eyes <small>(eye, face, grinning face with smiling eyes, mouth, open, smile)</small>
😁 beaming face with smiling eyes <small>(beaming face with smiling eyes, eye, face, grin, smile)</small>
😆 grinning squinting face <small>(face, grinning squinting face, laugh, mouth, satisfied, smile)</small>
😅 grinning face with sweat <small>(cold, face, grinning face with sweat, open, smile, sweat)</small>
🤣 rolling on the floor laughing <small>(face, floor, laugh, rolling, rolling on the floor laughing)</small>
😂 face with tears of joy <small>(face, face with tears of joy, joy, laugh, tear)</small>
🙂 slightly smiling face <small>(face, slightly smiling face, smile)</small>
🙃 upside-down face <small>(face, upside-down)</small>
🫠 melting face
🫫 cracking face
😉 winking face <small>(face, wink, winking face)</small>
😊 smiling face with smiling eyes <small>(blush, eye, face, smile, smiling face with smiling eyes)</small>
😇 smiling face with halo <small>(angel, face, fantasy, halo, innocent, smiling face with halo)</small>
🥰 smiling face with hearts <small>(adore, crush, hearts, in love, smiling face with hearts)</small>
😍 smiling face with heart-eyes <small>(eye, face, love, smile, smiling face with heart-eyes)</small>
🤩 star-struck <small>(eyes, face, grinning, star, star-struck)</small>
😘 face blowing a kiss <small>(face, face blowing a kiss, kiss)</small>
😗 kissing face <small>(face, kiss, kissing face)</small>
☺️ smiling face <small>(face, outlined, relaxed, smile, smiling face)</small>
😚 kissing face with closed eyes <small>(closed, eye, face, kiss, kissing face with closed eyes)</small>
😙 kissing face with smiling eyes <small>(eye, face, kiss, kissing face with smiling eyes, smile)</small>
🥲 smiling face with tear <small>(grateful, proud, relieved, smiling, smiling face with tear, tear, touched)</small>
😋 face savoring food <small>(delicious, face, face savoring food, savouring, smile, yum)</small>
😛 face with tongue <small>(face, face with tongue, tongue)</small>
😜 winking face with tongue <small>(eye, face, joke, tongue, wink, winking face with tongue)</small>
🤪 zany face <small>(eye, goofy, large, small, zany face)</small>
😝 squinting face with tongue <small>(eye, face, horrible, squinting face with tongue, taste, tongue)</small>
🤑 money-mouth face <small>(face, money, money-mouth face, mouth)</small>
🤗 smiling face with open hands <small>(face, hug, hugging)</small>
🤭 face with hand over mouth <small>(face with hand over mouth, whoops)</small>
🫢 face with open eyes and hand over mouth
🫣 face with peeking eye
🤫 shushing face <small>(quiet, shush, shushing face)</small>
🤔 thinking face <small>(face, thinking)</small>
🫡 saluting face
🤐 zipper-mouth face <small>(face, mouth, zipper, zipper-mouth face)</small>
🤨 face with raised eyebrow <small>(distrust, face with raised eyebrow, skeptic)</small>
😐 neutral face <small>(deadpan, face, meh, neutral)</small>
😑 expressionless face <small>(expressionless, face, inexpressive, meh, unexpressive)</small>
😶 face without mouth <small>(face, face without mouth, mouth, quiet, silent)</small>
🫥 dotted line face
😶‍🌫️ face in clouds
😏 smirking face <small>(face, smirk, smirking face)</small>
😒 unamused face <small>(face, unamused, unhappy)</small>
🙄 face with rolling eyes <small>(eyeroll, eyes, face, face with rolling eyes, rolling)</small>
😬 grimacing face <small>(face, grimace, grimacing face)</small>
😮‍💨 face exhaling
🤥 lying face <small>(face, lie, lying face, pinocchio)</small>
🫨 shaking face
🙂‍↔️ head shaking horizontally
🙂‍↕️ head shaking vertically
😌 relieved face <small>(face, relieved)</small>
😔 pensive face <small>(dejected, face, pensive)</small>
😪 sleepy face <small>(face, sleep, sleepy face)</small>
🤤 drooling face <small>(drooling, face)</small>
😴 sleeping face <small>(face, sleep, sleeping face, zzz)</small>
🫩 face with bags under eyes
😷 face with medical mask <small>(cold, doctor, face, face with medical mask, mask, sick)</small>
🤒 face with thermometer <small>(face, face with thermometer, ill, sick, thermometer)</small>
🤕 face with head-bandage <small>(bandage, face, face with head-bandage, hurt, injury)</small>
🤢 nauseated face <small>(face, nauseated, vomit)</small>
🤮 face vomiting <small>(face vomiting, sick, vomit)</small>
🤧 sneezing face <small>(face, gesundheit, sneeze, sneezing face)</small>
🥵 hot face <small>(feverish, heat stroke, hot, hot face, red-faced, sweating)</small>
🥶 cold face <small>(blue-faced, cold, cold face, freezing, frostbite, icicles)</small>
🥴 woozy face <small>(dizzy, intoxicated, tipsy, uneven eyes, wavy mouth, woozy face)</small>
😵 face with crossed-out eyes <small>(dizzy, face)</small>
😵‍💫 face with spiral eyes
🤯 exploding head <small>(exploding head, mind blown, shocked)</small>
🤠 cowboy hat face <small>(cowboy, cowgirl, face, hat)</small>
🥳 partying face <small>(celebration, hat, horn, party, partying face)</small>
🥸 disguised face <small>(disguise, disguised face, face, glasses, incognito, nose)</small>
😎 smiling face with sunglasses <small>(bright, cool, face, smiling face with sunglasses, sun, sunglasses)</small>
🤓 nerd face <small>(face, geek, nerd)</small>
🧐 face with monocle <small>(face with monocle, stuffy)</small>
😕 confused face <small>(confused, face, meh)</small>
🫤 face with diagonal mouth
😟 worried face <small>(face, worried)</small>
🙁 slightly frowning face <small>(face, frown, slightly frowning face)</small>
☹️ frowning face <small>(face, frown, frowning face)</small>
😮 face with open mouth <small>(face, face with open mouth, mouth, open, sympathy)</small>
😯 hushed face <small>(face, hushed, stunned, surprised)</small>
😲 astonished face <small>(astonished, face, shocked, totally)</small>
😳 flushed face <small>(dazed, face, flushed)</small>
🫪 distorted face
🥺 pleading face <small>(begging, mercy, pleading face, puppy eyes)</small>
🥹 face holding back tears
😦 frowning face with open mouth <small>(face, frown, frowning face with open mouth, mouth, open)</small>
😧 anguished face <small>(anguished, face)</small>
😨 fearful face <small>(face, fear, fearful, scared)</small>
😰 anxious face with sweat <small>(anxious face with sweat, blue, cold, face, rushed, sweat)</small>
😥 sad but relieved face <small>(disappointed, face, relieved, sad but relieved face, whew)</small>
😢 crying face <small>(cry, crying face, face, sad, tear)</small>
😭 loudly crying face <small>(cry, face, loudly crying face, sad, sob, tear)</small>
😱 face screaming in fear <small>(face, face screaming in fear, fear, munch, scared, scream)</small>
😖 confounded face <small>(confounded, face)</small>
😣 persevering face <small>(face, persevere, persevering face)</small>
😞 disappointed face <small>(disappointed, face)</small>
😓 downcast face with sweat <small>(cold, downcast face with sweat, face, sweat)</small>
😩 weary face <small>(face, tired, weary)</small>
😫 tired face <small>(face, tired)</small>
🥱 yawning face <small>(bored, tired, yawn, yawning face)</small>
😤 face with steam from nose <small>(face, face with steam from nose, triumph, won)</small>
😡 enraged face <small>(angry, face, mad, pouting, rage, red)</small>
😠 angry face <small>(angry, face, mad)</small>
🤬 face with symbols on mouth <small>(face with symbols on mouth, swearing)</small>
😈 smiling face with horns <small>(face, fairy tale, fantasy, horns, smile, smiling face with horns)</small>
👿 angry face with horns <small>(angry face with horns, demon, devil, face, fantasy, imp)</small>
💀 skull <small>(death, face, fairy tale, monster, skull)</small>
☠️ skull and crossbones <small>(crossbones, death, face, monster, skull, skull and crossbones)</small>
💩 pile of poo <small>(dung, face, monster, pile of poo, poo, poop)</small>
🤡 clown face <small>(clown, face)</small>
👹 ogre <small>(creature, face, fairy tale, fantasy, monster, ogre)</small>
👺 goblin <small>(creature, face, fairy tale, fantasy, goblin, monster)</small>
👻 ghost <small>(creature, face, fairy tale, fantasy, ghost, monster)</small>
👽 alien <small>(alien, creature, extraterrestrial, face, fantasy, ufo)</small>
👾 alien monster <small>(alien, creature, extraterrestrial, face, monster, ufo)</small>
🤖 robot <small>(face, monster, robot)</small>
😺 grinning cat <small>(cat, face, grinning, mouth, open, smile)</small>
😸 grinning cat with smiling eyes <small>(cat, eye, face, grin, grinning cat with smiling eyes, smile)</small>
😹 cat with tears of joy <small>(cat, cat with tears of joy, face, joy, tear)</small>
😻 smiling cat with heart-eyes <small>(cat, eye, face, heart, love, smile, smiling cat with heart-eyes)</small>
😼 cat with wry smile <small>(cat, cat with wry smile, face, ironic, smile, wry)</small>
😽 kissing cat <small>(cat, eye, face, kiss, kissing cat)</small>
🙀 weary cat <small>(cat, face, oh, surprised, weary)</small>
😿 crying cat <small>(cat, cry, crying cat, face, sad, tear)</small>
😾 pouting cat <small>(cat, face, pouting)</small>
🙈 see-no-evil monkey <small>(evil, face, forbidden, monkey, see, see-no-evil monkey)</small>
🙉 hear-no-evil monkey <small>(evil, face, forbidden, hear, hear-no-evil monkey, monkey)</small>
🙊 speak-no-evil monkey <small>(evil, face, forbidden, monkey, speak, speak-no-evil monkey)</small>
💌 love letter <small>(heart, letter, love, mail)</small>
💘 heart with arrow <small>(arrow, cupid, heart with arrow)</small>
💝 heart with ribbon <small>(heart with ribbon, ribbon, valentine)</small>
💖 sparkling heart <small>(excited, sparkle, sparkling heart)</small>
💗 growing heart <small>(excited, growing, growing heart, nervous, pulse)</small>
💓 beating heart <small>(beating, beating heart, heartbeat, pulsating)</small>
💞 revolving hearts <small>(revolving, revolving hearts)</small>
💕 two hearts <small>(love, two hearts)</small>
💟 heart decoration <small>(heart, heart decoration)</small>
❣️ heart exclamation <small>(exclamation, heart exclamation, mark, punctuation)</small>
💔 broken heart <small>(break, broken, broken heart)</small>
❤️‍🔥 heart on fire
❤️‍🩹 mending heart
❤️ red heart <small>(heart, red heart)</small>
🩷 pink heart
🧡 orange heart <small>(orange, orange heart)</small>
💛 yellow heart <small>(yellow, yellow heart)</small>
💚 green heart <small>(green, green heart)</small>
💙 blue heart <small>(blue, blue heart)</small>
🩵 light blue heart
💜 purple heart <small>(purple, purple heart)</small>
🤎 brown heart <small>(brown, heart)</small>
🖤 black heart <small>(black, black heart, evil, wicked)</small>
🩶 grey heart
🤍 white heart <small>(heart, white)</small>
💋 kiss mark <small>(kiss, kiss mark, lips)</small>
💯 hundred points <small>(100, full, hundred, hundred points, score)</small>
💢 anger symbol <small>(anger symbol, angry, comic, mad)</small>
🫯 fight cloud
💥 collision <small>(boom, collision, comic)</small>
💫 dizzy <small>(comic, dizzy, star)</small>
💦 sweat droplets <small>(comic, splashing, sweat, sweat droplets)</small>
💨 dashing away <small>(comic, dash, dashing away, running)</small>
🕳️ hole <small>(hole)</small>
💬 speech balloon <small>(balloon, bubble, comic, dialog, speech)</small>
👁️‍🗨️ eye in speech bubble
🗨️ left speech bubble <small>(dialog, left speech bubble, speech)</small>
🗯️ right anger bubble <small>(angry, balloon, bubble, mad, right anger bubble)</small>
💭 thought balloon <small>(balloon, bubble, comic, thought)</small>
💤 ZZZ <small>(comic, sleep, zzz)</small>
